ID,Name,Unit,GPA,Type,Country,Details
103,Alice Johnson,PHYS101,3.2,Domestic,Australia,Physics I - Dr. Sarah Lee
104,Bob Brown,ENG101,3.9,International,Canada,Introduction to Engineering - Prof. Michael Brown
105,Charlie Davis,BIO101,3.6,Domestic,Australia,Biology I - Dr. Olivia Davis
106,Eva Martinez,CHEM101,3.4,International,Mexico,Chemistry I - Prof. Daniel Martinez
107,Frank Wilson,PSY101,3.7,Domestic,Australia,Introduction to Psychology - Dr. Sophia Taylor
108,Grace Anderson,ECON101,3.1,International,UK,Principles of Economics - Prof. William Anderson
109,Henry Thomas,HIST101,3.3,Domestic,Australia,World History - Dr. Ava Thomas
110,Ivy Garcia,LIT101,3.0,International,Spain,Introduction to Literature - Prof. Noah Garcia
103,Alice Johnson,PHYS101,3.2,Domestic,Australia,Physics I - Dr. Sarah Lee
104,Bob Brown,ENG101,3.9,International,Canada,Introduction to Engineering - Prof. Michael Brown
105,Charlie Davis,BIO101,3.6,Domestic,Australia,Biology I - Dr. Olivia Davis
106,Eva Martinez,CHEM101,3.4,International,Mexico,Chemistry I - Prof. Daniel Martinez
107,Frank Wilson,PSY101,3.7,Domestic,Australia,Introduction to Psychology - Dr. Sophia Taylor
108,Grace Anderson,ECON101,3.1,International,UK,Principles of Economics - Prof. William Anderson
109,Henry Thomas,HIST101,3.3,Domestic,Australia,World History - Dr. Ava Thomas
110,Ivy Garcia,LIT101,3.0,International,Spain,Introduction to Literature - Prof. Noah Garcia
